INSERT INTO `users`(id, email, name, password, phone_number, username) VALUES (1,'datdt@gmail.com','Duong Thanh Dat','$2a$10$fIkuOJbLTwnu9pHYp5uKD.9Ef84HKIliMAF7eVPE9sKYHLyeCZI2O','0896478598','datdt'),(2,'admin@gmail.com','Nguyen Van Admin','$2a$10$fIkuOJbLTwnu9pHYp5uKD.9Ef84HKIliMAF7eVPE9sKYHLyeCZI2O','0934336115','admin');
INSERT INTO `roles`(id, name) VALUES (2,'ROLE_ADMIN'),(1,'ROLE_USER');
INSERT INTO `users_roles`(user_id, role_id) VALUES (1,1),(2,2);

INSERT INTO `categories`(id, description, name) VALUES (1,'shoes for general sports and fashion','Lifesytle'),(2,'shoes for playing football on the pitch','Football'),(3,'shoes for marathon','Running'),(4,'shoes for basketball','Basketball');

INSERT INTO `products`(id, created_at, deleted, description, name, price, updated_at, category_id) VALUES (2,'2025-02-02 03:29:14.418000',_binary '\0','trendy, light weight, flexibility','Air Jordan 1 Low',1000.00,'2025-02-02 03:29:14.418000',1),(3,'2025-02-08 22:00:06.737000',_binary '\0','trendy, light weight, flexibility','Nike AF',1000.00,'2025-02-08 22:00:06.737000',1),(4,'2025-02-20 02:45:24.624000',_binary '\0','trendy, light weight, flexibility','Nike Mercurial Superfly 10 Elite',2000.00,'2025-02-20 02:45:24.624000',2),(20,'2025-02-20 02:45:24.624000',_binary '\0','trendy, light weight, flexibility','Nike Mercurial Vapor 16 Elite',2000.00,'2025-02-20 02:45:24.624000',2),(21,'2025-02-20 02:45:24.624000',_binary '\0','trendy, light weight, flexibility','Nike Phantom GX 2 Elite',2000.00,'2025-02-20 02:45:24.624000',2),(22,'2025-02-20 02:45:24.624000',_binary '\0','trendy, light weight, flexibility','Nike G.T. Cut 3',1000.00,'2025-02-20 02:45:24.624000',4),(23,'2025-02-20 02:45:24.624000',_binary '\0','trendy, light weight, flexibility','Sabrina 2 \"Traditions\"',1000.00,'2025-02-20 02:45:24.624000',4),(24,'2025-02-20 02:45:24.624000',_binary '\0','trendy, light weight, flexibility','Luka 3',2000.00,'2025-02-20 02:45:24.624000',4),(25,'2025-02-20 02:45:24.624000',_binary '\0','trendy, light weight, flexibility','Nike Tiempo Legend 10 Elite',1500.00,'2025-02-20 02:45:24.624000',2),(26,'2025-02-20 02:45:24.624000',_binary '\0','trendy, light weight, flexibility','Nike Vomero 18',1300.00,'2025-02-20 02:45:24.624000',3),(27,'2025-02-20 02:45:24.624000',_binary '\0','trendy, light weight, flexibility','Nike Pegasus 41',1400.00,'2025-02-20 02:45:24.624000',3);

INSERT INTO `inventories`(id, color, size, units_in_stock, product_id, version) VALUES (2,'red,black',40,30,2,3),(3,'white',36,20,3,1),(4,'red',40,10,4,1),(5,'red,black',41,25,2,1),(6,'white,black',40,21,2,1),(7,'white,black',41,22,2,1),(8,'white,black',40,12,3,1),(9,'red',41,20,4,1),(10,'black',40,20,4,1),(11,'black',41,20,4,1),(12,'red',40,21,20,1),(13,'red',41,21,20,1),(14,'black',40,21,20,1),(15,'black',41,22,20,1),(16,'mint blue',41,22,21,1),(17,'mint blue',40,22,21,1),(18,'black',41,22,21,1),(19,'black',40,22,21,1),(20,'grey',41,22,22,1),(21,'grey',40,22,22,1),(22,'pink',41,22,22,1),(23,'pink',40,22,22,1),(24,'white',41,22,23,1),(25,'white',40,22,23,1),(26,'red',41,22,23,1),(27,'red',40,22,23,1),(28,'blue',41,22,24,1),(29,'blue',40,22,24,1),(30,'pink',41,22,24,1),(31,'pink',40,22,24,1),(32,'orange',41,22,25,1),(33,'orange',40,22,25,1),(34,'black',41,22,25,1),(35,'black',40,22,25,1),(36,'mint blue',41,22,26,1),(37,'mint blue',40,22,26,1),(38,'yellow',41,22,27,1),(39,'yellow',40,22,27,1),(40,'blue',41,22,27,1),(41,'blue',40,22,27,1);

INSERT INTO `images`(id, image, product_id) VALUES (2,'https://static.nike.com/a/images/t_PDP_1728_v1/f_auto,q_auto:eco,u_126ab356-44d8-4a06-89b4-fcdcc8df0245,c_scale,fl_relative,w_1.0,h_1.0,fl_layer_apply/05599d67-080a-4bbb-8447-bbdee27aae87/AIR+JORDAN+1+LOW.png',2),(3,'https://static.nike.com/a/images/t_PDP_1728_v1/f_auto,q_auto:eco/b7d9211c-26e7-431a-ac24-b0540fb3c00f/AIR+FORCE+1+%2707.png',3),(4,'https://static.nike.com/a/images/t_PDP_1728_v1/f_auto,q_auto:eco/350e7f3a-979a-402b-9396-a8a998dd76ab/AIR+FORCE+1+%2707.png',3),(5,'https://static.nike.com/a/images/t_PDP_1728_v1/f_auto,q_auto:eco/04ac892e-9a28-488f-8c32-d8b7254f0492/ZM+SUPERFLY+10+ELITE+AG-PRO.png',4),(6,'https://static.nike.com/a/images/t_PDP_1728_v1/f_auto,q_auto:eco/24a98bb0-0032-41ac-aa5d-82ae317507cd/ZM+SUPERFLY+10+ELITE+AG-PRO.png',4),(7,'https://static.nike.com/a/images/t_PDP_1728_v1/f_auto,q_auto:eco,u_126ab356-44d8-4a06-89b4-fcdcc8df0245,c_scale,fl_relative,w_1.0,h_1.0,fl_layer_apply/247ed6b5-9687-40c5-beed-5c472a23a8d6/AIR+JORDAN+1+LOW.png',2),(8,'https://static.nike.com/a/images/t_PDP_1728_v1/f_auto,q_auto:eco/7b13bc7f-eaa8-4a70-a921-42956d8247fe/ZM+VAPOR+16+ELITE+AG-PRO.png',20),(9,'https://static.nike.com/a/images/t_PDP_1728_v1/f_auto,q_auto:eco/2f8d518b-1157-40bb-a29c-f22f72ec0103/ZM+VAPOR+16+ELITE+AG-PRO.png',20),(10,'https://static.nike.com/a/images/t_PDP_1728_v1/f_auto,q_auto:eco/16a7042f-9b4f-4d86-b58a-554fc38ba90e/PHANTOM+GX+II+ELITE+AG-PRO.png',21),(11,'https://static.nike.com/a/images/t_PDP_1728_v1/f_auto,q_auto:eco/e348f1e0-1e6a-433a-9a98-bca3c99787ac/PHANTOM+GX+II+ELITE+AG-PRO.png',21),(12,'https://static.nike.com/a/images/t_PDP_1728_v1/f_auto,q_auto:eco/d3a77422-877d-4481-b36b-472d5106ebec/G.T.+CUT+3.png',22),(13,'https://static.nike.com/a/images/t_PDP_1728_v1/f_auto,q_auto:eco/221cfe6c-e6e5-4da0-9e56-e45b51222540/G.T.+CUT+3.png',22),(14,'https://static.nike.com/a/images/t_PDP_1728_v1/f_auto,q_auto:eco/4842b3c5-94e9-4a7a-b882-2f5efd6c8ac4/SABRINA+2.png',23),(15,'https://static.nike.com/a/images/t_PDP_1728_v1/f_auto,q_auto:eco/87159836-57b0-4204-9bd9-4a0de0937d3c/SABRINA+2.png',23),(16,'https://static.nike.com/a/images/t_PDP_1728_v1/f_auto,q_auto:eco,u_126ab356-44d8-4a06-89b4-fcdcc8df0245,c_scale,fl_relative,w_1.0,h_1.0,fl_layer_apply/cd9097f4-fee4-4fcb-b85f-84d0f347beec/JORDAN+LUKA+3.png',24),(17,'https://static.nike.com/a/images/t_PDP_1728_v1/f_auto,q_auto:eco,u_126ab356-44d8-4a06-89b4-fcdcc8df0245,c_scale,fl_relative,w_1.0,h_1.0,fl_layer_apply/3db3e62a-ce83-401c-b94a-f44c3e5f40d7/JORDAN+LUKA+3.png',24),(18,'https://static.nike.com/a/images/t_PDP_1728_v1/f_auto,q_auto:eco/58430887-62f1-4de6-9a20-f05207ebf9c0/LEGEND+10+ELITE+AG-PRO.png',25),(19,'https://static.nike.com/a/images/t_PDP_1728_v1/f_auto,q_auto:eco/c63f7167-b351-4751-9723-07ed3aae6126/LEGEND+10+ELITE+AG-PRO.png',25),(20,'https://static.nike.com/a/images/t_PDP_1728_v1/f_auto,q_auto:eco/1983f2e1-0271-479c-bada-6176a571fa4f/NIKE+VOMERO+18.png',26),(21,'https://static.nike.com/a/images/t_PDP_1728_v1/f_auto,q_auto:eco/a44f9888-4d9f-4150-b308-0be226ed02c4/AIR+ZOOM+PEGASUS+41.png',27),(22,'https://static.nike.com/a/images/t_PDP_1728_v1/f_auto,q_auto:eco/e11850a6-6bd6-4c2d-9286-726745408e8f/AIR+ZOOM+PEGASUS+41.png',27);

INSERT INTO `carts`(id, total_price, user_id) VALUES (1,0.00,1);

INSERT INTO `orders`(id, address, email, fullname, order_date, phone_number, status, total_price, user_id) VALUES (28,'mieu hai xa, le chan, hai phong','datdt@gmail.com','Duong Thanh Dat','2025-01-19 18:50:24.086000','0896478598','PAID',3000.00,1),(26,'mieu hai xa, le chan, hai phong','datdt@gmail.com','Duong Thanh Dat','2025-02-20 02:13:58.080000','0896478598','PAID',3000.00,1);

INSERT INTO `order_items`(id, quantity , total_price, unit_price, inventory_id, order_id, product_id, image, name) VALUES (1,3,3000.00,1000.00,2,28,2,'https://static.nike.com/a/images/w_1280,q_auto,f_auto/acc979db-e99d-488e-8791-7dcfcd7e2f37/air-jordan-1-ko-chicago-release-date.jpg','Nike Jordan 1 Low'),(2,3,3000.00,1000.00,2,26,2,'https://static.nike.com/a/images/w_1280,q_auto,f_auto/acc979db-e99d-488e-8791-7dcfcd7e2f37/air-jordan-1-ko-chicago-release-date.jpg','Nike Jordan 1 Low');
